﻿<?xml version="1.0" encoding="utf-8"?><meta xmlns:xsi="http://www.w3.org/2001/XMLSchema-instance" xmlns:xsd="http://www.w3.org/2001/XMLSchema"><project id="6UE6m35UXKp" courseid="6YQ7m4AiAZY_course_id" thumburl="story_content/thumbnail.jpg" title="CF1-Automatización industrial" datepublished="2021-12-03T15:35:51" version="1.0.0.0" flashdata="story_content/data.swf" html5data="mobile/data.json" mobiledata="mobile/data.gz" enabledownload="false" duration="About 25 seconds" totalaudio="0" totalvideo="0"><description>Identificar conceptos  sobre automatización industrial.</description><keywords /><slidemeta moniker="slide" monikerplural="slides" viewslides="5" slidecountdescription="5 slides" /><author name="PC-Eux" email="" website="" /><application name="Articulate Storyline" version="3.52.25247.0" xmlversion="4.0" /></project></meta>